INDEX,KEYVALUE,LABEL,RED,GREEN,BLUE,ALPHA,HEMISPHERE,NETWORK,NETWORKKEY,NETWORKSORTEDORDER,GLASSERLABELNAME,SuttonLabel,x,y,z
1,1,Visual1-04_L-Ctx,0,0,255,255,L,Visual1,1,1,L_V1_ROI,Visual1_L_V1_ROI,-12.79616833,-84.73232269,2.450871944
2,2,Visual2-28_L-Ctx,100,0,255,255,L,Visual2,2,70,L_MST_ROI,Visual2_L_MST_ROI,-40.2094841,-66.08117676,4.719752312
3,3,Visual2-29_L-Ctx,100,0,255,255,L,Visual2,2,71,L_V6_ROI,Visual2_L_V6_ROI,-13.31462288,-78.21530151,25.09932137
4,4,Visual2-30_L-Ctx,100,0,255,255,L,Visual2,2,72,L_V2_ROI,Visual2_L_V2_ROI,-12.6205349,-87.39813232,1.012818933
5,5,Visual2-31_L-Ctx,100,0,255,255,L,Visual2,2,73,L_V3_ROI,Visual2_L_V3_ROI,-16.91767311,-95.68019104,-5.122104168
6,6,Visual2-32_L-Ctx,100,0,255,255,L,Visual2,2,74,L_V4_ROI,Visual2_L_V4_ROI,-26.07677269,-95.56300354,-15.68878365
7,7,Visual2-33_L-Ctx,100,0,255,255,L,Visual2,2,75,L_V8_ROI,Visual2_L_V8_ROI,-31.2792778,-72.23935699,-14.51661491
8,8,Somatomotor-21_L-Ctx,0,255,255,255,L,Somatomotor,3,153,L_4_ROI,Somatomotor_L_4_ROI,-35.28087616,-19.43484116,65.04121399
9,9,Somatomotor-22_L-Ctx,0,255,255,255,L,Somatomotor,3,154,L_3B_ROI,Somatomotor_L_3b_ROI,-40.88768005,-26.08004189,50.28551102
10,10,Cingulo-Opercular-30_L-Ctx,153,0,153,255,L,Cingulo-Opercular,4,220,L_FEF_ROI,CinguloOpercular_L_FEF_ROI,-39.97460938,-6.097075462,42.97646713
11,11,Dorsal-Attention-12_L-Ctx,0,255,0,255,L,Dorsal-Attention,5,315,L_PEF_ROI,DorsalAttention_L_PEF_ROI,-46.11737442,-2.42364049,36.9608345
12,12,Language-10_L-Ctx,0,155,155,255,L,Language,6,362,L_55B_ROI,Language_L_55b_ROI,-47.48147964,1.806442261,45.46237946
13,13,Visual2-34_L-Ctx,100,0,255,255,L,Visual2,2,76,L_V3A_ROI,Visual2_L_V3A_ROI,-16.33360481,-89.42837524,21.29709053
14,14,Frontoparietal-29_L-Ctx,255,255,0,255,L,Frontoparietal,7,399,L_RSC_ROI,Frontoparietal_L_RSC_ROI,-6.504689217,-39.34775162,24.09632492
15,15,Frontoparietal-30_L-Ctx,255,255,0,255,L,Frontoparietal,7,400,L_POS2_ROI,Frontoparietal_L_POS2_ROI,-10.50238609,-68.30690002,35.67424393
16,16,Visual2-35_L-Ctx,100,0,255,255,L,Visual2,2,77,L_V7_ROI,Visual2_L_V7_ROI,-23.66456985,-82.10339355,25.27838516
17,17,Visual2-36_L-Ctx,100,0,255,255,L,Visual2,2,78,L_IPS1_ROI,Visual2_L_IPS1_ROI,-22.8578949,-71.54616547,30.93005943
18,18,Visual2-37_L-Ctx,100,0,255,255,L,Visual2,2,79,L_FFC_ROI,Visual2_L_FFC_ROI,-42.22655487,-55.12953949,-19.83910561
19,19,Visual2-38_L-Ctx,100,0,255,255,L,Visual2,2,80,L_V3B_ROI,Visual2_L_V3B_ROI,-26.44909096,-79.15952301,13.44097137
20,20,Visual2-39_L-Ctx,100,0,255,255,L,Visual2,2,81,L_LO1_ROI,Visual2_L_LO1_ROI,-37.75113297,-83.50463104,2.120748758
21,21,Visual2-40_L-Ctx,100,0,255,255,L,Visual2,2,82,L_LO2_ROI,Visual2_L_LO2_ROI,-41.51610565,-81.01734924,-6.75747776
22,22,Visual2-41_L-Ctx,100,0,255,255,L,Visual2,2,83,L_PIT_ROI,Visual2_L_PIT_ROI,-41.07686234,-79.66481018,-13.58128357
23,23,Visual2-42_L-Ctx,100,0,255,255,L,Visual2,2,84,L_MT_ROI,Visual2_L_MT_ROI,-45.15999985,-72.60765076,6.419680119
24,24,Auditory-08_L-Ctx,250,62,251,255,L,Auditory,8,497,L_A1_ROI,Auditory_L_A1_ROI,-43.56193542,-25.63406372,9.061787605
25,25,Language-11_L-Ctx,0,155,155,255,L,Language,6,363,L_PSL_ROI,Language_L_PSL_ROI,-56.56129837,-46.85751724,20.08901405
26,26,Language-12_L-Ctx,0,155,155,255,L,Language,6,364,L_SFL_ROI,Language_L_SFL_ROI,-8.147350311,17.44019318,62.10678864
27,27,Posterior-Multimodal-05_L-Ctx,177,89,40,255,L,Posterior-Multimodal,10,652,L_PCV_ROI,PosteriorMultimodal_L_PCV_ROI,-7.688974857,-51.35491943,47.63648987
28,28,Language-13_L-Ctx,0,155,155,255,L,Language,6,365,L_STV_ROI,Language_L_STV_ROI,-60.05355835,-47.58506393,13.45021534
29,29,Frontoparietal-31_L-Ctx,255,255,0,255,L,Frontoparietal,7,401,L_7PM_ROI,Frontoparietal_L_7Pm_ROI,-7.349011421,-64.48881531,48.39505386
30,30,Default-38_L-Ctx,255,0,0,255,L,Default,9,543,L_7M_ROI,Default_L_7m_ROI,-6.334284782,-60.18845367,34.36278152
31,31,Default-39_L-Ctx,255,0,0,255,L,Default,9,544,L_POS1_ROI,Default_L_POS1_ROI,-11.6828022,-58.24475098,13.24210835
32,32,Default-40_L-Ctx,255,0,0,255,L,Default,9,545,L_23D_ROI,Default_L_23d_ROI,-4.183514595,-20.42946053,37.10554123
33,33,Default-41_L-Ctx,255,0,0,255,L,Default,9,546,L_V23AB_ROI,Default_L_v23ab_ROI,-7.300024986,-55.71484375,18.15602303
34,34,Default-42_L-Ctx,255,0,0,255,L,Default,9,547,L_D23AB_ROI,Default_L_d23ab_ROI,-4.258234978,-39.82710648,30.73069191
35,35,Default-43_L-Ctx,255,0,0,255,L,Default,9,548,L_31PV_ROI,Default_L_31pv_ROI,-11.46073055,-45.50115967,30.34757996
36,36,Somatomotor-23_L-Ctx,0,255,255,255,L,Somatomotor,3,155,L_5M_ROI,Somatomotor_L_5m_ROI,-5.822928429,-39.58893585,59.45442581
37,37,Cingulo-Opercular-31_L-Ctx,153,0,153,255,L,Cingulo-Opercular,4,221,L_5MV_ROI,CinguloOpercular_L_5mv_ROI,-17.69656754,-37.53990555,47.64279175
38,38,Cingulo-Opercular-32_L-Ctx,153,0,153,255,L,Cingulo-Opercular,4,222,L_23C_ROI,CinguloOpercular_L_23c_ROI,-14.578619,-28.33884048,36.33139801
39,39,Somatomotor-24_L-Ctx,0,255,255,255,L,Somatomotor,3,156,L_5L_ROI,Somatomotor_L_5L_ROI,-14.79796791,-45.98864746,67.91568756
40,40,Somatomotor-25_L-Ctx,0,255,255,255,L,Somatomotor,3,157,L_24DD_ROI,Somatomotor_L_24dd_ROI,-8.772232056,-17.55221176,48.27149582
41,41,Somatomotor-26_L-Ctx,0,255,255,255,L,Somatomotor,3,158,L_24DV_ROI,Somatomotor_L_24dv_ROI,-12.04067516,-1.821701407,42.77931595
42,42,Somatomotor-27_L-Ctx,0,255,255,255,L,Somatomotor,3,159,L_7AL_ROI,Somatomotor_L_7AL_ROI,-17.93005562,-52.06032562,59.0774765
43,43,Cingulo-Opercular-33_L-Ctx,153,0,153,255,L,Cingulo-Opercular,4,223,L_SCEF_ROI,CinguloOpercular_L_SCEF_ROI,-9.145550728,3.755952835,57.71284866
44,44,Cingulo-Opercular-34_L-Ctx,153,0,153,255,L,Cingulo-Opercular,4,224,L_6MA_ROI,CinguloOpercular_L_6ma_ROI,-17.27611923,4.560153008,65.90007019
45,45,Cingulo-Opercular-35_L-Ctx,153,0,153,255,L,Cingulo-Opercular,4,225,L_7AM_ROI,CinguloOpercular_L_7Am_ROI,-11.02956486,-56.03810883,56.81102371
46,46,Dorsal-Attention-13_L-Ctx,0,255,0,255,L,Dorsal-Attention,5,316,L_7PL_ROI,DorsalAttention_L_7PL_ROI,-12.5468483,-71.41133881,48.43238068
47,47,Somatomotor-28_L-Ctx,0,255,255,255,L,Somatomotor,3,160,L_7PC_ROI,Somatomotor_L_7PC_ROI,-35.76734161,-48.37251663,58.89812088
48,48,Visual2-43_L-Ctx,100,0,255,255,L,Visual2,2,85,L_LIPV_ROI,Visual2_L_LIPv_ROI,-27.42037392,-55.51075363,52.56031036
49,49,Visual2-44_L-Ctx,100,0,255,255,L,Visual2,2,86,L_VIP_ROI,Visual2_L_VIP_ROI,-20.32316017,-63.45548248,58.08370209
50,50,Dorsal-Attention-14_L-Ctx,0,255,0,255,L,Dorsal-Attention,5,317,L_MIP_ROI,DorsalAttention_L_MIP_ROI,-20.40825844,-61.55641556,42.14685822
51,51,Somatomotor-29_L-Ctx,0,255,255,255,L,Somatomotor,3,161,L_1_ROI,Somatomotor_L_1_ROI,-46.00914383,-23.81657791,60.45037079
52,52,Somatomotor-30_L-Ctx,0,255,255,255,L,Somatomotor,3,162,L_2_ROI,Somatomotor_L_2_ROI,-38.22681808,-35.27648926,55.50714874
53,53,Somatomotor-31_L-Ctx,0,255,255,255,L,Somatomotor,3,163,L_3A_ROI,Somatomotor_L_3a_ROI,-32.20062256,-21.23554993,45.24092484
54,54,Somatomotor-32_L-Ctx,0,255,255,255,L,Somatomotor,3,164,L_6D_ROI,Somatomotor_L_6d_ROI,-33.74682236,-13.40821266,63.6857605
55,55,Somatomotor-33_L-Ctx,0,255,255,255,L,Somatomotor,3,165,L_6MP_ROI,Somatomotor_L_6mp_ROI,-12.12302589,-14.15365124,68.07307434
56,56,Somatomotor-34_L-Ctx,0,255,255,255,L,Somatomotor,3,166,L_6V_ROI,Somatomotor_L_6v_ROI,-57.3252449,2.972145557,31.90588379
57,57,Cingulo-Opercular-36_L-Ctx,153,0,153,255,L,Cingulo-Opercular,4,226,L_P24PR_ROI,CinguloOpercular_L_p24pr_ROI,-4.401442528,-1.199739695,37.97671127
58,58,Cingulo-Opercular-37_L-Ctx,153,0,153,255,L,Cingulo-Opercular,4,227,L_33PR_ROI,CinguloOpercular_L_33pr_ROI,-5.547095299,11.25282097,28.33067322
59,59,Cingulo-Opercular-38_L-Ctx,153,0,153,255,L,Cingulo-Opercular,4,228,L_A24PR_ROI,CinguloOpercular_L_a24pr_ROI,-7.087157249,17.30978584,30.13543129
60,60,Cingulo-Opercular-39_L-Ctx,153,0,153,255,L,Cingulo-Opercular,4,229,L_P32PR_ROI,CinguloOpercular_L_p32pr_ROI,-12.32625294,13.57994652,36.91631317
61,61,Default-44_L-Ctx,255,0,0,255,L,Default,9,549,L_A24_ROI,Default_L_a24_ROI,-5.763548374,39.39971542,-1.249231577
62,62,Default-45_L-Ctx,255,0,0,255,L,Default,9,550,L_D32_ROI,Default_L_d32_ROI,-12.26461697,39.58571625,22.48702049
63,63,Frontoparietal-32_L-Ctx,255,255,0,255,L,Frontoparietal,7,402,L_8BM_ROI,Frontoparietal_L_8BM_ROI,-8.366456985,29.51031494,42.92615509
64,64,Default-46_L-Ctx,255,0,0,255,L,Default,9,551,L_P32_ROI,Default_L_p32_ROI,-14.08045769,44.90660858,-0.736725926
65,65,Default-47_L-Ctx,255,0,0,255,L,Default,9,552,L_10R_ROI,Default_L_10r_ROI,-8.690923691,48.26931763,-9.213689804
66,66,Default-48_L-Ctx,255,0,0,255,L,Default,9,553,L_47M_ROI,Default_L_47m_ROI,-34.76385498,30.0945282,-13.25881481
67,67,Default-49_L-Ctx,255,0,0,255,L,Default,9,554,L_8AV_ROI,Default_L_8Av_ROI,-37.59684753,18.33064842,48.65138626
68,68,Default-50_L-Ctx,255,0,0,255,L,Default,9,555,L_8AD_ROI,Default_L_8Ad_ROI,-21.17754364,22.5264492,37.61367035
69,69,Default-51_L-Ctx,255,0,0,255,L,Default,9,556,L_9M_ROI,Default_L_9m_ROI,-7.248113155,51.16555786,21.08721352
70,70,Default-52_L-Ctx,255,0,0,255,L,Default,9,557,L_8BL_ROI,Default_L_8BL_ROI,-11.78320503,35.31962204,48.5675354
71,71,Default-53_L-Ctx,255,0,0,255,L,Default,9,558,L_9P_ROI,Default_L_9p_ROI,-17.29737282,43.30856323,36.1030159
72,72,Default-54_L-Ctx,255,0,0,255,L,Default,9,559,L_10D_ROI,Default_L_10d_ROI,-9.852843285,64.67921448,9.34770298
73,73,Frontoparietal-33_L-Ctx,255,255,0,255,L,Frontoparietal,7,403,L_8C_ROI,Frontoparietal_L_8C_ROI,-39.8524437,15.99147987,36.38380051
74,74,Language-14_L-Ctx,0,155,155,255,L,Language,6,366,L_44_ROI,Language_L_44_ROI,-52.81329346,15.58383751,12.49729156
75,75,Language-15_L-Ctx,0,155,155,255,L,Language,6,367,L_45_ROI,Language_L_45_ROI,-47.26029587,27.62865067,3.789785385
76,76,Default-55_L-Ctx,255,0,0,255,L,Default,9,560,L_47L_ROI,Default_L_47l_ROI,-44.25490189,31.04195023,-11.25537014
77,77,Frontoparietal-34_L-Ctx,255,255,0,255,L,Frontoparietal,7,404,L_A47R_ROI,Frontoparietal_L_a47r_ROI,-39.64384842,46.78513336,-10.39619637
78,78,Cingulo-Opercular-40_L-Ctx,153,0,153,255,L,Cingulo-Opercular,4,230,L_6R_ROI,CinguloOpercular_L_6r_ROI,-50.10850525,2.675673962,16.41400528
79,79,Language-16_L-Ctx,0,155,155,255,L,Language,6,368,L_IFJA_ROI,Language_L_IFJa_ROI,-37.0104599,11.69310474,23.44630814
80,80,Frontoparietal-35_L-Ctx,255,255,0,255,L,Frontoparietal,7,405,L_IFJP_ROI,Frontoparietal_L_IFJp_ROI,-37.59173965,1.293127298,26.91347885
81,81,Language-17_L-Ctx,0,155,155,255,L,Language,6,369,L_IFSP_ROI,Language_L_IFSp_ROI,-43.12195587,20.14251328,19.90316772
82,82,Frontoparietal-36_L-Ctx,255,255,0,255,L,Frontoparietal,7,406,L_IFSA_ROI,Frontoparietal_L_IFSa_ROI,-40.92388153,29.64129257,11.49929619
83,83,Frontoparietal-37_L-Ctx,255,255,0,255,L,Frontoparietal,7,407,L_P9-46V_ROI,Frontoparietal_L_p946v_ROI,-44.15531158,29.37840843,26.88755417
84,84,Cingulo-Opercular-41_L-Ctx,153,0,153,255,L,Cingulo-Opercular,4,231,L_46_ROI,CinguloOpercular_L_46_ROI,-36.78762817,35.40122986,28.6342411
85,85,Frontoparietal-38_L-Ctx,255,255,0,255,L,Frontoparietal,7,408,L_A9-46V_ROI,Frontoparietal_L_a946v_ROI,-38.07750702,48.21480179,9.349023819
86,86,Cingulo-Opercular-42_L-Ctx,153,0,153,255,L,Cingulo-Opercular,4,232,L_9-46D_ROI,CinguloOpercular_L_946d_ROI,-26.35468674,39.27639771,17.97533035
87,87,Default-56_L-Ctx,255,0,0,255,L,Default,9,561,L_9A_ROI,Default_L_9a_ROI,-19.75446129,52.60318756,23.22799873
88,88,Default-57_L-Ctx,255,0,0,255,L,Default,9,562,L_10V_ROI,Default_L_10v_ROI,-4.941885948,48.50518799,-19.10499001
89,89,Frontoparietal-39_L-Ctx,255,255,0,255,L,Frontoparietal,7,409,L_A10P_ROI,Frontoparietal_L_a10p_ROI,-24.15402794,51.91088867,-5.344267368
90,90,Default-58_L-Ctx,255,0,0,255,L,Default,9,563,L_10PP_ROI,Default_L_10pp_ROI,-12.04204845,58.23972321,-15.75000477
91,91,Frontoparietal-40_L-Ctx,255,255,0,255,L,Frontoparietal,7,410,L_11L_ROI,Frontoparietal_L_11l_ROI,-23.54938889,43.44690704,-10.08869553
92,92,Frontoparietal-41_L-Ctx,255,255,0,255,L,Frontoparietal,7,411,L_13L_ROI,Frontoparietal_L_13l_ROI,-21.27293015,26.27722168,-13.75274467
93,93,Default-59_L-Ctx,255,0,0,255,L,Default,9,564,L_OFC_ROI,Default_L_OFC_ROI,-11.93647289,32.13285446,-19.44190598
94,94,Default-60_L-Ctx,255,0,0,255,L,Default,9,565,L_47S_ROI,Default_L_47s_ROI,-31.7681694,21.05828667,-17.84067154
95,95,Dorsal-Attention-15_L-Ctx,0,255,0,255,L,Dorsal-Attention,5,318,L_LIPD_ROI,DorsalAttention_L_LIPd_ROI,-26.82810402,-54.26679611,39.93444443
96,96,Dorsal-Attention-16_L-Ctx,0,255,0,255,L,Dorsal-Attention,5,319,L_6A_ROI,DorsalAttention_L_6a_ROI,-21.09240723,-4.642734528,48.25181961
97,97,Frontoparietal-42_L-Ctx,255,255,0,255,L,Frontoparietal,7,412,L_I6-8_ROI,Frontoparietal_L_i68_ROI,-29.80137634,7.71937561,54.30366898
98,98,Frontoparietal-43_L-Ctx,255,255,0,255,L,Frontoparietal,7,413,L_S6-8_ROI,Frontoparietal_L_s68_ROI,-22.91656685,21.63992691,54.83399582
99,99,Cingulo-Opercular-43_L-Ctx,153,0,153,255,L,Cingulo-Opercular,4,233,L_43_ROI,CinguloOpercular_L_43_ROI,-56.37223434,-0.999141812,8.278103828
100,100,Somatomotor-35_L-Ctx,0,255,255,255,L,Somatomotor,3,167,L_OP4_ROI,Somatomotor_L_OP4_ROI,-58.7710762,-14.48805809,14.81126881
101,101,Somatomotor-36_L-Ctx,0,255,255,255,L,Somatomotor,3,168,L_OP1_ROI,Somatomotor_L_OP1_ROI,-46.48064423,-20.83065224,20.28406906
102,102,Somatomotor-37_L-Ctx,0,255,255,255,L,Somatomotor,3,169,L_OP2-3_ROI,Somatomotor_L_OP23_ROI,-40.07772827,-15.53610229,20.88273621
103,103,Auditory-09_L-Ctx,250,62,251,255,L,Auditory,8,498,L_52_ROI,Auditory_L_52_ROI,-38.49409866,-25.14242935,-2.862182617
104,104,Auditory-10_L-Ctx,250,62,251,255,L,Auditory,8,499,L_RI_ROI,Auditory_L_RI_ROI,-36.78183746,-36.42787933,16.94215965
105,105,Cingulo-Opercular-44_L-Ctx,153,0,153,255,L,Cingulo-Opercular,4,234,L_PFCM_ROI,CinguloOpercular_L_PFcm_ROI,-49.51531982,-32.31233597,21.0296402
106,106,Cingulo-Opercular-45_L-Ctx,153,0,153,255,L,Cingulo-Opercular,4,235,L_POI2_ROI,CinguloOpercular_L_PoI2_ROI,-36.42449188,-5.122431278,-2.727966785
107,107,Auditory-11_L-Ctx,250,62,251,255,L,Auditory,8,500,L_TA2_ROI,Auditory_L_TA2_ROI,-51.49877167,-1.692074418,-9.075239182
108,108,Cingulo-Opercular-46_L-Ctx,153,0,153,255,L,Cingulo-Opercular,4,236,L_FOP4_ROI,CinguloOpercular_L_FOP4_ROI,-37.92443085,12.90725899,10.30743027
109,109,Cingulo-Opercular-47_L-Ctx,153,0,153,255,L,Cingulo-Opercular,4,237,L_MI_ROI,CinguloOpercular_L_MI_ROI,-32.77965164,9.113218307,2.424310207
110,110,Orbito-Affective-04_L-Ctx,65,125,0,168,L,Orbito-Affective,12,696,L_PIR_ROI,OrbitoAffective_L_Pir_ROI,-31.97297287,1.875067949,-14.83599663
111,111,Frontoparietal-44_L-Ctx,255,255,0,255,L,Frontoparietal,7,414,L_AVI_ROI,Frontoparietal_L_AVI_ROI,-26.79635048,25.18856812,-2.919074297
112,112,Orbito-Affective-05_L-Ctx,65,125,0,168,L,Orbito-Affective,12,697,L_AAIC_ROI,OrbitoAffective_L_AAIC_ROI,-30.40465164,13.25686455,-10.62751007
113,113,Cingulo-Opercular-48_L-Ctx,153,0,153,255,L,Cingulo-Opercular,4,238,L_FOP1_ROI,CinguloOpercular_L_FOP1_ROI,-49.95336914,2.88596034,4.257543087
114,114,Cingulo-Opercular-49_L-Ctx,153,0,153,255,L,Cingulo-Opercular,4,239,L_FOP3_ROI,CinguloOpercular_L_FOP3_ROI,-33.2229538,3.003370762,13.844347
115,115,Somatomotor-38_L-Ctx,0,255,255,255,L,Somatomotor,3,170,L_FOP2_ROI,Somatomotor_L_FOP2_ROI,-41.62473297,-3.466626406,16.64309692
116,116,Dorsal-Attention-17_L-Ctx,0,255,0,255,L,Dorsal-Attention,5,320,L_PFT_ROI,DorsalAttention_L_PFt_ROI,-49.69010162,-29.83673477,33.33222198
117,117,Dorsal-Attention-18_L-Ctx,0,255,0,255,L,Dorsal-Attention,5,321,L_AIP_ROI,DorsalAttention_L_AIP_ROI,-33.94651031,-41.4419632,39.46079254
118,118,Default-61_L-Ctx,255,0,0,255,L,Default,9,566,L_EC_ROI,Default_L_EC_ROI,-19.63318062,-10.76525307,-28.53674316
119,119,Default-62_L-Ctx,255,0,0,255,L,Default,9,567,L_PRES_ROI,Default_L_PreS_ROI,-22.79170799,-34.11533356,-11.5462923
120,120,Default-63_L-Ctx,255,0,0,255,L,Default,9,568,L_H_ROI,Default_L_H_ROI,-35.39899826,-29.72774315,-16.4993763
121,121,Visual1-05_L-Ctx,0,0,255,255,L,Visual1,1,2,L_PROS_ROI,Visual1_L_ProS_ROI,-24.01533508,-56.60865021,2.292192221
122,122,Ventral-Multimodal-03_L-Ctx,255,157,0,255,L,Ventral-Multimodal,11,688,L_PEEC_ROI,VentralMultimodal_L_PeEc_ROI,-30.19459152,-8.83823204,-32.19440079
123,123,Language-18_L-Ctx,0,155,155,255,L,Language,6,370,L_STGA_ROI,Language_L_STGa_ROI,-50.9257431,9.448839188,-18.1259346
124,124,Auditory-12_L-Ctx,250,62,251,255,L,Auditory,8,501,L_PBELT_ROI,Auditory_L_PBelt_ROI,-53.80607224,-25.3957119,1.264938951
125,125,Language-19_L-Ctx,0,155,155,255,L,Language,6,371,L_A5_ROI,Language_L_A5_ROI,-60.29588699,-18.03493118,-2.001392365
126,126,Default-64_L-Ctx,255,0,0,255,L,Default,9,569,L_PHA1_ROI,Default_L_PHA1_ROI,-22.8857975,-35.65984344,-15.99734974
127,127,Dorsal-Attention-19_L-Ctx,0,255,0,255,L,Dorsal-Attention,5,322,L_PHA3_ROI,DorsalAttention_L_PHA3_ROI,-35.39509964,-38.48706818,-18.2200985
128,128,Language-20_L-Ctx,0,155,155,255,L,Language,6,372,L_STSDA_ROI,Language_L_STSda_ROI,-52.05865479,-11.30880451,-11.31112385
129,129,Language-21_L-Ctx,0,155,155,255,L,Language,6,373,L_STSDP_ROI,Language_L_STSdp_ROI,-49.69565201,-34.34473419,-1.019870281
130,130,Default-65_L-Ctx,255,0,0,255,L,Default,9,570,L_STSVP_ROI,Default_L_STSvp_ROI,-51.83275223,-37.47158813,-8.102981567
131,131,Default-66_L-Ctx,255,0,0,255,L,Default,9,571,L_TGD_ROI,Default_L_TGd_ROI,-38.51152039,15.43520069,-34.92324066
132,132,Default-67_L-Ctx,255,0,0,255,L,Default,9,572,L_TE1A_ROI,Default_L_TE1a_ROI,-60.11094284,-11.34769344,-21.62862015
133,133,Frontoparietal-45_L-Ctx,255,255,0,255,L,Frontoparietal,7,415,L_TE1P_ROI,Frontoparietal_L_TE1p_ROI,-56.51478958,-43.63637543,-10.9047718
134,134,Default-68_L-Ctx,255,0,0,255,L,Default,9,573,L_TE2A_ROI,Default_L_TE2a_ROI,-54.57991409,-23.31618881,-29.74315453
135,135,Ventral-Multimodal-04_L-Ctx,255,157,0,255,L,Ventral-Multimodal,11,689,L_TF_ROI,VentralMultimodal_L_TF_ROI,-42.36766815,-19.90111542,-22.7638588
136,136,Dorsal-Attention-20_L-Ctx,0,255,0,255,L,Dorsal-Attention,5,323,L_TE2P_ROI,DorsalAttention_L_TE2p_ROI,-47.48921585,-40.83209229,-21.99862099
137,137,Dorsal-Attention-21_L-Ctx,0,255,0,255,L,Dorsal-Attention,5,324,L_PHT_ROI,DorsalAttention_L_PHT_ROI,-57.78181076,-57.61037445,-1.201662302
138,138,Visual2-45_L-Ctx,100,0,255,255,L,Visual2,2,87,L_PH_ROI,Visual2_L_PH_ROI,-43.9532547,-58.43579102,-6.047494888
139,139,Language-22_L-Ctx,0,155,155,255,L,Language,6,374,L_TPOJ1_ROI,Language_L_TPOJ1_ROI,-50.22769165,-45.22660065,7.870699406
140,140,Posterior-Multimodal-06_L-Ctx,177,89,40,255,L,Posterior-Multimodal,10,653,L_TPOJ2_ROI,PosteriorMultimodal_L_TPOJ2_ROI,-49.87320709,-62.71171188,10.76983452
141,141,Posterior-Multimodal-07_L-Ctx,177,89,40,255,L,Posterior-Multimodal,10,654,L_TPOJ3_ROI,PosteriorMultimodal_L_TPOJ3_ROI,-40.47854233,-69.87171936,13.9398222
142,142,Visual1-06_L-Ctx,0,0,255,255,L,Visual1,1,3,L_DVT_ROI,Visual1_L_DVT_ROI,-19.03254318,-72.77046204,26.73659897
143,143,Dorsal-Attention-22_L-Ctx,0,255,0,255,L,Dorsal-Attention,5,325,L_PGP_ROI,DorsalAttention_L_PGp_ROI,-41.28916168,-80.34638977,21.27838516
144,144,Frontoparietal-46_L-Ctx,255,255,0,255,L,Frontoparietal,7,416,L_IP2_ROI,Frontoparietal_L_IP2_ROI,-40.63685226,-51.17813873,35.12814331
145,145,Frontoparietal-47_L-Ctx,255,255,0,255,L,Frontoparietal,7,417,L_IP1_ROI,Frontoparietal_L_IP1_ROI,-29.85023499,-67.00856018,41.18989182
146,146,Dorsal-Attention-23_L-Ctx,0,255,0,255,L,Dorsal-Attention,5,326,L_IP0_ROI,DorsalAttention_L_IP0_ROI,-32.30324554,-74.56471252,22.0652523
147,147,Cingulo-Opercular-50_L-Ctx,153,0,153,255,L,Cingulo-Opercular,4,240,L_PFOP_ROI,CinguloOpercular_L_PFop_ROI,-57.37343216,-24.65060234,25.60962486
148,148,Cingulo-Opercular-51_L-Ctx,153,0,153,255,L,Cingulo-Opercular,4,241,L_PF_ROI,CinguloOpercular_L_PF_ROI,-57.33237457,-38.93553925,36.20547485
149,149,Frontoparietal-48_L-Ctx,255,255,0,255,L,Frontoparietal,7,418,L_PFM_ROI,Frontoparietal_L_PFm_ROI,-49.20116425,-55.84254074,37.94606781
150,150,Default-69_L-Ctx,255,0,0,255,L,Default,9,574,L_PGI_ROI,Default_L_PGi_ROI,-38.16307449,-56.69605255,22.66032982
151,151,Default-70_L-Ctx,255,0,0,255,L,Default,9,575,L_PGS_ROI,Default_L_PGs_ROI,-39.33041,-71.09946442,33.99736404
152,152,Visual2-46_L-Ctx,100,0,255,255,L,Visual2,2,88,L_V6A_ROI,Visual2_L_V6A_ROI,-19.08250427,-84.60974121,37.36499023
153,153,Visual2-47_L-Ctx,100,0,255,255,L,Visual2,2,89,L_VMV1_ROI,Visual2_L_VMV1_ROI,-20.72408104,-53.73872757,-6.792721748
154,154,Visual2-48_L-Ctx,100,0,255,255,L,Visual2,2,90,L_VMV3_ROI,Visual2_L_VMV3_ROI,-31.3129921,-60.4752121,-10.45656013
155,155,Default-71_L-Ctx,255,0,0,255,L,Default,9,576,L_PHA2_ROI,Default_L_PHA2_ROI,-32.44603729,-36.11907196,-13.85491657
156,156,Visual2-49_L-Ctx,100,0,255,255,L,Visual2,2,91,L_V4T_ROI,Visual2_L_V4t_ROI,-41.32423019,-76.79486084,-2.427450657
157,157,Visual2-50_L-Ctx,100,0,255,255,L,Visual2,2,92,L_FST_ROI,Visual2_L_FST_ROI,-45.81124115,-63.6791687,-2.237880945
158,158,Visual2-51_L-Ctx,100,0,255,255,L,Visual2,2,93,L_V3CD_ROI,Visual2_L_V3CD_ROI,-34.58624649,-86.10572815,9.315076828
159,159,Visual2-52_L-Ctx,100,0,255,255,L,Visual2,2,94,L_LO3_ROI,Visual2_L_LO3_ROI,-44.91753387,-78.64268494,9.108129501
160,160,Visual2-53_L-Ctx,100,0,255,255,L,Visual2,2,95,L_VMV2_ROI,Visual2_L_VMV2_ROI,-28.69527245,-53.44387817,-5.858485222
161,161,Default-72_L-Ctx,255,0,0,255,L,Default,9,577,L_31PD_ROI,Default_L_31pd_ROI,-14.41842842,-51.52931595,34.16065979
162,162,Default-73_L-Ctx,255,0,0,255,L,Default,9,578,L_31A_ROI,Default_L_31a_ROI,-6.337340355,-37.37047958,42.72325516
163,163,Visual2-54_L-Ctx,100,0,255,255,L,Visual2,2,96,L_VVC_ROI,Visual2_L_VVC_ROI,-30.94541359,-52.41439056,-16.75693512
164,164,Default-74_L-Ctx,255,0,0,255,L,Default,9,579,L_25_ROI,Default_L_25_ROI,-6.900460243,23.54113579,-12.25395966
165,165,Default-75_L-Ctx,255,0,0,255,L,Default,9,580,L_S32_ROI,Default_L_s32_ROI,-10.27060795,33.63277435,-12.90336132
166,166,Orbito-Affective-06_L-Ctx,65,125,0,168,L,Orbito-Affective,12,698,L_POFC_ROI,OrbitoAffective_L_pOFC_ROI,-15.27542114,15.0854969,-14.50265789
167,167,Cingulo-Opercular-52_L-Ctx,153,0,153,255,L,Cingulo-Opercular,4,242,L_POI1_ROI,CinguloOpercular_L_PoI1_ROI,-34.3612442,-13.0074482,-7.816475868
168,168,Somatomotor-39_L-Ctx,0,255,255,255,L,Somatomotor,3,171,L_IG_ROI,Somatomotor_L_Ig_ROI,-34.34169388,-15.23835468,14.76469707
169,169,Cingulo-Opercular-53_L-Ctx,153,0,153,255,L,Cingulo-Opercular,4,243,L_FOP5_ROI,CinguloOpercular_L_FOP5_ROI,-33.07871628,28.70633507,6.566670895
170,170,Frontoparietal-49_L-Ctx,255,255,0,255,L,Frontoparietal,7,419,L_P10P_ROI,Frontoparietal_L_p10p_ROI,-22.13500977,57.35366821,3.611033678
171,171,Frontoparietal-50_L-Ctx,255,255,0,255,L,Frontoparietal,7,420,L_P47R_ROI,Frontoparietal_L_p47r_ROI,-40.39408112,38.39562225,0.288789302
172,172,Language-23_L-Ctx,0,155,155,255,L,Language,6,375,L_TGV_ROI,Language_L_TGv_ROI,-39.18159866,-2.607768536,-41.75059891
173,173,Auditory-13_L-Ctx,250,62,251,255,L,Auditory,8,502,L_MBELT_ROI,Auditory_L_MBelt_ROI,-45.51828003,-21.41246223,0.888915539
174,174,Auditory-14_L-Ctx,250,62,251,255,L,Auditory,8,503,L_LBELT_ROI,Auditory_L_LBelt_ROI,-44.21557617,-28.26075363,3.985956669
175,175,Auditory-15_L-Ctx,250,62,251,255,L,Auditory,8,504,L_A4_ROI,Auditory_L_A4_ROI,-64.26959229,-22.79588127,2.355562687
176,176,Default-76_L-Ctx,255,0,0,255,L,Default,9,581,L_STSVA_ROI,Default_L_STSva_ROI,-50.84523773,-15.06174183,-18.08593178
177,177,Default-77_L-Ctx,255,0,0,255,L,Default,9,582,L_TE1M_ROI,Default_L_TE1m_ROI,-61.0912056,-28.600317,-16.88558197
178,178,Cingulo-Opercular-54_L-Ctx,153,0,153,255,L,Cingulo-Opercular,4,244,L_PI_ROI,CinguloOpercular_L_PI_ROI,-45.04283142,-7.921966553,-16.66627502
179,179,Cingulo-Opercular-55_L-Ctx,153,0,153,255,L,Cingulo-Opercular,4,245,L_A32PR_ROI,CinguloOpercular_L_a32pr_ROI,-13.25890827,29.7386837,27.16893959
180,180,Cingulo-Opercular-56_L-Ctx,153,0,153,255,L,Cingulo-Opercular,4,246,L_P24_ROI,CinguloOpercular_L_p24_ROI,-5.547281742,34.53717041,14.49831867
181,181,Visual1-01_R-Ctx,0,0,255,255,R,Visual1,1,4,R_V1_ROI,Visual1_R_V1_ROI,14.84253502,-81.37625885,3.018343449
182,182,Visual2-01_R-Ctx,100,0,255,255,R,Visual2,2,97,R_MST_ROI,Visual2_R_MST_ROI,42.28731155,-64.60935974,3.706204891
183,183,Visual2-02_R-Ctx,100,0,255,255,R,Visual2,2,98,R_V6_ROI,Visual2_R_V6_ROI,16.78881454,-78.31242371,26.44124794
184,184,Visual2-03_R-Ctx,100,0,255,255,R,Visual2,2,99,R_V2_ROI,Visual2_R_V2_ROI,13.4177227,-87.43321228,2.42928648
185,185,Visual2-04_R-Ctx,100,0,255,255,R,Visual2,2,100,R_V3_ROI,Visual2_R_V3_ROI,14.72577667,-100.4256973,0.921737671
186,186,Visual2-05_R-Ctx,100,0,255,255,R,Visual2,2,101,R_V4_ROI,Visual2_R_V4_ROI,27.53558731,-96.18232727,-12.3077383
187,187,Visual2-06_R-Ctx,100,0,255,255,R,Visual2,2,102,R_V8_ROI,Visual2_R_V8_ROI,31.48060989,-72.30467224,-13.05631447
188,188,Somatomotor-01_R-Ctx,0,255,255,255,R,Somatomotor,3,172,R_4_ROI,Somatomotor_R_4_ROI,35.29511261,-19.35283661,64.64881897
189,189,Somatomotor-02_R-Ctx,0,255,255,255,R,Somatomotor,3,173,R_3B_ROI,Somatomotor_R_3b_ROI,37.96978378,-26.04710388,49.05497742
190,190,Cingulo-Opercular-01_R-Ctx,153,0,153,255,R,Cingulo-Opercular,4,247,R_FEF_ROI,CinguloOpercular_R_FEF_ROI,40.42009735,-4.203885078,43.7539978
191,191,Cingulo-Opercular-02_R-Ctx,153,0,153,255,R,Cingulo-Opercular,4,248,R_PEF_ROI,CinguloOpercular_R_PEF_ROI,43.59440994,-0.486364275,34.50432205
192,192,Language-01_R-Ctx,0,155,155,255,R,Language,6,376,R_55B_ROI,Language_R_55b_ROI,46.72046661,1.968530297,43.86938477
193,193,Visual2-07_R-Ctx,100,0,255,255,R,Visual2,2,103,R_V3A_ROI,Visual2_R_V3A_ROI,16.52345276,-86.64594269,25.59240341
194,194,Frontoparietal-01_R-Ctx,255,255,0,255,R,Frontoparietal,7,421,R_RSC_ROI,Frontoparietal_R_RSC_ROI,6.271542549,-37.11855316,25.0460968
195,195,Frontoparietal-02_R-Ctx,255,255,0,255,R,Frontoparietal,7,422,R_POS2_ROI,Frontoparietal_R_POS2_ROI,12.92776966,-67.18849182,37.60766602
196,196,Visual2-08_R-Ctx,100,0,255,255,R,Visual2,2,104,R_V7_ROI,Visual2_R_V7_ROI,24.29247856,-81.34460449,29.14644814
197,197,Visual2-09_R-Ctx,100,0,255,255,R,Visual2,2,105,R_IPS1_ROI,Visual2_R_IPS1_ROI,23.95863724,-66.60987854,33.69085693
198,198,Visual2-10_R-Ctx,100,0,255,255,R,Visual2,2,106,R_FFC_ROI,Visual2_R_FFC_ROI,41.3510437,-55.36234283,-18.65610123
199,199,Visual2-11_R-Ctx,100,0,255,255,R,Visual2,2,107,R_V3B_ROI,Visual2_R_V3B_ROI,28.33510208,-73.90940094,18.05089188
200,200,Visual2-12_R-Ctx,100,0,255,255,R,Visual2,2,108,R_LO1_ROI,Visual2_R_LO1_ROI,37.13266373,-81.4982605,2.093303204
201,201,Visual2-13_R-Ctx,100,0,255,255,R,Visual2,2,109,R_LO2_ROI,Visual2_R_LO2_ROI,42.86891556,-81.14883423,-5.702148438
202,202,Visual2-14_R-Ctx,100,0,255,255,R,Visual2,2,110,R_PIT_ROI,Visual2_R_PIT_ROI,42.19792175,-78.4641037,-12.91630077
203,203,Visual2-15_R-Ctx,100,0,255,255,R,Visual2,2,111,R_MT_ROI,Visual2_R_MT_ROI,46.00365067,-71.44692993,5.625578403
204,204,Auditory-01_R-Ctx,250,62,251,255,R,Auditory,8,505,R_A1_ROI,Auditory_R_A1_ROI,44.12183762,-24.08955574,8.931616783
205,205,Cingulo-Opercular-03_R-Ctx,153,0,153,255,R,Cingulo-Opercular,4,249,R_PSL_ROI,CinguloOpercular_R_PSL_ROI,62.36234283,-38.2711792,20.62331581
206,206,Language-02_R-Ctx,0,155,155,255,R,Language,6,377,R_SFL_ROI,Language_R_SFL_ROI,9.444231033,16.26855469,62.5048027
207,207,Posterior-Multimodal-01_R-Ctx,177,89,40,255,R,Posterior-Multimodal,10,655,R_PCV_ROI,PosteriorMultimodal_R_PCV_ROI,9.258746147,-52.43408203,48.87255096
208,208,Posterior-Multimodal-02_R-Ctx,177,89,40,255,R,Posterior-Multimodal,10,656,R_STV_ROI,PosteriorMultimodal_R_STV_ROI,55.0957222,-41.89766693,15.38461018
209,209,Frontoparietal-03_R-Ctx,255,255,0,255,R,Frontoparietal,7,423,R_7PM_ROI,Frontoparietal_R_7Pm_ROI,8.275971413,-65.18572998,47.87280273
210,210,Default-01_R-Ctx,255,0,0,255,R,Default,9,583,R_7M_ROI,Default_R_7m_ROI,7.020689487,-58.94959641,35.25576019
211,211,Default-02_R-Ctx,255,0,0,255,R,Default,9,584,R_POS1_ROI,Default_R_POS1_ROI,13.05812263,-55.24233246,17.16697693
212,212,Default-03_R-Ctx,255,0,0,255,R,Default,9,585,R_23D_ROI,Default_R_23d_ROI,4.467265129,-22.68983078,38.36878586
213,213,Default-04_R-Ctx,255,0,0,255,R,Default,9,586,R_V23AB_ROI,Default_R_v23ab_ROI,8.003394127,-52.80559158,18.85128021
214,214,Default-05_R-Ctx,255,0,0,255,R,Default,9,587,R_D23AB_ROI,Default_R_d23ab_ROI,5.506814003,-39.69963837,31.65513992
215,215,Default-06_R-Ctx,255,0,0,255,R,Default,9,588,R_31PV_ROI,Default_R_31pv_ROI,11.91527271,-43.37691116,31.7994194
216,216,Somatomotor-03_R-Ctx,0,255,255,255,R,Somatomotor,3,174,R_5M_ROI,Somatomotor_R_5m_ROI,5.111232281,-39.10856247,62.49536896
217,217,Cingulo-Opercular-04_R-Ctx,153,0,153,255,R,Cingulo-Opercular,4,274,R_5MV_ROI,CinguloOpercular_R_5mv_ROI,16.92948723,-39.62134171,51.12866974
218,218,Cingulo-Opercular-05_R-Ctx,153,0,153,255,R,Cingulo-Opercular,4,275,R_23C_ROI,CinguloOpercular_R_23c_ROI,15.31484032,-34.00015259,37.63179779
219,219,Somatomotor-04_R-Ctx,0,255,255,255,R,Somatomotor,3,175,R_5L_ROI,Somatomotor_R_5L_ROI,12.34631634,-44.29156494,71.49117279
220,220,Somatomotor-05_R-Ctx,0,255,255,255,R,Somatomotor,3,176,R_24DD_ROI,Somatomotor_R_24dd_ROI,8.243263245,-18.07914352,49.79314041
221,221,Somatomotor-06_R-Ctx,0,255,255,255,R,Somatomotor,3,177,R_24DV_ROI,Somatomotor_R_24dv_ROI,11.78705883,-5.413174152,45.74356079
222,222,Somatomotor-07_R-Ctx,0,255,255,255,R,Somatomotor,3,178,R_7AL_ROI,Somatomotor_R_7AL_ROI,18.37653732,-49.74056244,59.55116653
223,223,Cingulo-Opercular-06_R-Ctx,153,0,153,255,R,Cingulo-Opercular,4,250,R_SCEF_ROI,CinguloOpercular_R_SCEF_ROI,7.610234261,4.622742653,57.16611862
224,224,Cingulo-Opercular-07_R-Ctx,153,0,153,255,R,Cingulo-Opercular,4,251,R_6MA_ROI,CinguloOpercular_R_6ma_ROI,19.98910904,5.042137623,63.10857391
225,225,Cingulo-Opercular-08_R-Ctx,153,0,153,255,R,Cingulo-Opercular,4,252,R_7AM_ROI,CinguloOpercular_R_7Am_ROI,9.661494255,-58.74357224,58.34750366
226,226,Dorsal-Attention-01_R-Ctx,0,255,0,255,R,Dorsal-Attention,5,327,R_7PL_ROI,DorsalAttention_R_7PL_ROI,13.84959984,-70.66838074,52.99246216
227,227,Somatomotor-08_R-Ctx,0,255,255,255,R,Somatomotor,3,179,R_7PC_ROI,Somatomotor_R_7PC_ROI,35.83356857,-46.68711853,60.67020798
228,228,Visual2-16_R-Ctx,100,0,255,255,R,Visual2,2,112,R_LIPV_ROI,Visual2_R_LIPv_ROI,26.2649498,-54.71981049,51.01206207
229,229,Visual2-17_R-Ctx,100,0,255,255,R,Visual2,2,113,R_VIP_ROI,Visual2_R_VIP_ROI,19.40457916,-60.67111969,59.13045502
230,230,Dorsal-Attention-02_R-Ctx,0,255,0,255,R,Dorsal-Attention,5,328,R_MIP_ROI,DorsalAttention_R_MIP_ROI,23.96257591,-61.56145096,44.64842987
231,231,Somatomotor-09_R-Ctx,0,255,255,255,R,Somatomotor,3,180,R_1_ROI,Somatomotor_R_1_ROI,46.02002716,-22.07045937,59.48416901
232,232,Somatomotor-10_R-Ctx,0,255,255,255,R,Somatomotor,3,181,R_2_ROI,Somatomotor_R_2_ROI,36.9650383,-33.86384964,52.38558197
233,233,Somatomotor-11_R-Ctx,0,255,255,255,R,Somatomotor,3,182,R_3A_ROI,Somatomotor_R_3a_ROI,34.02217865,-21.87036514,46.76861191
234,234,Somatomotor-12_R-Ctx,0,255,255,255,R,Somatomotor,3,183,R_6D_ROI,Somatomotor_R_6d_ROI,35.90188599,-12.08753395,62.02233887
235,235,Somatomotor-13_R-Ctx,0,255,255,255,R,Somatomotor,3,184,R_6MP_ROI,Somatomotor_R_6mp_ROI,13.88345909,-12.604002,62.77258301
236,236,Somatomotor-14_R-Ctx,0,255,255,255,R,Somatomotor,3,185,R_6V_ROI,Somatomotor_R_6v_ROI,56.94152832,4.939223766,30.82501221
237,237,Cingulo-Opercular-09_R-Ctx,153,0,153,255,R,Cingulo-Opercular,4,253,R_P24PR_ROI,CinguloOpercular_R_p24pr_ROI,5.758009434,-3.074898243,40.43764496
238,238,Frontoparietal-04_R-Ctx,255,255,0,255,R,Frontoparietal,7,424,R_33PR_ROI,Frontoparietal_R_33pr_ROI,5.576796532,11.1146965,29.80000305
239,239,Cingulo-Opercular-10_R-Ctx,153,0,153,255,R,Cingulo-Opercular,4,254,R_A24PR_ROI,CinguloOpercular_R_a24pr_ROI,6.673685551,16.36742401,32.73607635
240,240,Cingulo-Opercular-11_R-Ctx,153,0,153,255,R,Cingulo-Opercular,4,255,R_P32PR_ROI,CinguloOpercular_R_p32pr_ROI,13.24889851,13.51746082,39.16371918
241,241,Default-07_R-Ctx,255,0,0,255,R,Default,9,589,R_A24_ROI,Default_R_a24_ROI,6.858982086,38.22801971,-0.911020577
242,242,Frontoparietal-05_R-Ctx,255,255,0,255,R,Frontoparietal,7,425,R_D32_ROI,Frontoparietal_R_d32_ROI,12.81640816,37.59369278,24.4016304
243,243,Frontoparietal-06_R-Ctx,255,255,0,255,R,Frontoparietal,7,426,R_8BM_ROI,Frontoparietal_R_8BM_ROI,8.741772652,28.43889999,45.03388214
244,244,Default-08_R-Ctx,255,0,0,255,R,Default,9,590,R_P32_ROI,Default_R_p32_ROI,13.80854797,43.73778152,-2.790271997
245,245,Default-09_R-Ctx,255,0,0,255,R,Default,9,591,R_10R_ROI,Default_R_10r_ROI,10.4732008,46.89930725,-8.41929245
246,246,Default-10_R-Ctx,255,0,0,255,R,Default,9,592,R_47M_ROI,Default_R_47m_ROI,34.4154129,30.46329689,-14.17434502
247,247,Default-11_R-Ctx,255,0,0,255,R,Default,9,593,R_8AV_ROI,Default_R_8Av_ROI,38.8017807,20.52871323,46.51887131
248,248,Default-12_R-Ctx,255,0,0,255,R,Default,9,594,R_8AD_ROI,Default_R_8Ad_ROI,22.8536911,25.71397781,42.18262482
249,249,Default-13_R-Ctx,255,0,0,255,R,Default,9,595,R_9M_ROI,Default_R_9m_ROI,8.912604332,50.62351227,19.58244705
250,250,Default-14_R-Ctx,255,0,0,255,R,Default,9,596,R_8BL_ROI,Default_R_8BL_ROI,11.76690197,38.204319,48.38795471
251,251,Default-15_R-Ctx,255,0,0,255,R,Default,9,597,R_9P_ROI,Default_R_9p_ROI,19.28404045,45.66819,33.38368607
252,252,Default-16_R-Ctx,255,0,0,255,R,Default,9,598,R_10D_ROI,Default_R_10d_ROI,10.2475853,63.80522537,5.890442848
253,253,Frontoparietal-07_R-Ctx,255,255,0,255,R,Frontoparietal,7,427,R_8C_ROI,Frontoparietal_R_8C_ROI,37.88939667,19.12535095,34.4603157
254,254,Frontoparietal-08_R-Ctx,255,255,0,255,R,Frontoparietal,7,428,R_44_ROI,Frontoparietal_R_44_ROI,53.04571533,17.3746109,13.43390083
255,255,Language-03_R-Ctx,0,155,155,255,R,Language,6,378,R_45_ROI,Language_R_45_ROI,49.17596436,27.02802086,3.532426357
256,256,Default-17_R-Ctx,255,0,0,255,R,Default,9,599,R_47L_ROI,Default_R_47l_ROI,46.71289825,32.36101532,-12.89797401
257,257,Frontoparietal-09_R-Ctx,255,255,0,255,R,Frontoparietal,7,429,R_A47R_ROI,Frontoparietal_R_a47r_ROI,39.86016846,51.15257263,-7.843363762
258,258,Cingulo-Opercular-12_R-Ctx,153,0,153,255,R,Cingulo-Opercular,4,256,R_6R_ROI,CinguloOpercular_R_6r_ROI,47.91135025,4.861013889,15.94522667
259,259,Language-04_R-Ctx,0,155,155,255,R,Language,6,379,R_IFJA_ROI,Language_R_IFJa_ROI,38.43215179,18.06634903,20.66057777
260,260,Frontoparietal-10_R-Ctx,255,255,0,255,R,Frontoparietal,7,430,R_IFJP_ROI,Frontoparietal_R_IFJp_ROI,34.5431366,6.961524963,25.53985214
261,261,Frontoparietal-11_R-Ctx,255,255,0,255,R,Frontoparietal,7,431,R_IFSP_ROI,Frontoparietal_R_IFSp_ROI,44.24275589,25.98305702,18.48061752
262,262,Cingulo-Opercular-13_R-Ctx,153,0,153,255,R,Cingulo-Opercular,4,257,R_IFSA_ROI,CinguloOpercular_R_IFSa_ROI,45.18057251,34.35521317,6.354554176
263,263,Frontoparietal-12_R-Ctx,255,255,0,255,R,Frontoparietal,7,432,R_P9-46V_ROI,Frontoparietal_R_p946v_ROI,47.31892395,31.64103317,26.98472023
264,264,Cingulo-Opercular-14_R-Ctx,153,0,153,255,R,Cingulo-Opercular,4,258,R_46_ROI,CinguloOpercular_R_46_ROI,33.84955597,32.70266724,28.67432022
265,265,Frontoparietal-13_R-Ctx,255,255,0,255,R,Frontoparietal,7,433,R_A9-46V_ROI,Frontoparietal_R_a946v_ROI,38.66304779,47.02749634,10.86348152
266,266,Cingulo-Opercular-15_R-Ctx,153,0,153,255,R,Cingulo-Opercular,4,259,R_9-46D_ROI,CinguloOpercular_R_946d_ROI,24.96854782,41.05515289,20.36323929
267,267,Default-18_R-Ctx,255,0,0,255,R,Default,9,600,R_9A_ROI,Default_R_9a_ROI,17.80687523,55.29790115,18.48396873
268,268,Default-19_R-Ctx,255,0,0,255,R,Default,9,601,R_10V_ROI,Default_R_10v_ROI,7.341177464,47.77269745,-16.56385612
269,269,Frontoparietal-14_R-Ctx,255,255,0,255,R,Frontoparietal,7,434,R_A10P_ROI,Frontoparietal_R_a10p_ROI,23.84406853,53.85858154,-7.131251335
270,270,Default-20_R-Ctx,255,0,0,255,R,Default,9,602,R_10PP_ROI,Default_R_10pp_ROI,12.72978115,58.65117264,-16.5876236
271,271,Frontoparietal-15_R-Ctx,255,255,0,255,R,Frontoparietal,7,435,R_11L_ROI,Frontoparietal_R_11l_ROI,22.69722366,41.98517227,-11.06023121
272,272,Frontoparietal-16_R-Ctx,255,255,0,255,R,Frontoparietal,7,436,R_13L_ROI,Frontoparietal_R_13l_ROI,20.69910049,24.31030655,-15.49911022
273,273,Frontoparietal-17_R-Ctx,255,255,0,255,R,Frontoparietal,7,437,R_OFC_ROI,Frontoparietal_R_OFC_ROI,12.50150776,33.2413063,-18.17383575
274,274,Default-21_R-Ctx,255,0,0,255,R,Default,9,603,R_47S_ROI,Default_R_47s_ROI,31.05826187,22.30420494,-17.66481972
275,275,Dorsal-Attention-03_R-Ctx,0,255,0,255,R,Dorsal-Attention,5,329,R_LIPD_ROI,DorsalAttention_R_LIPd_ROI,29.60978127,-54.00058746,41.480793
276,276,Dorsal-Attention-04_R-Ctx,0,255,0,255,R,Dorsal-Attention,5,330,R_6A_ROI,DorsalAttention_R_6a_ROI,23.93153381,-2.642112732,45.87581635
277,277,Frontoparietal-18_R-Ctx,255,255,0,255,R,Frontoparietal,7,438,R_I6-8_ROI,Frontoparietal_R_i68_ROI,33.36487579,12.06374454,52.42255783
278,278,Frontoparietal-19_R-Ctx,255,255,0,255,R,Frontoparietal,7,439,R_S6-8_ROI,Frontoparietal_R_s68_ROI,20.70510864,18.72202301,56.69251251
279,279,Cingulo-Opercular-16_R-Ctx,153,0,153,255,R,Cingulo-Opercular,4,260,R_43_ROI,CinguloOpercular_R_43_ROI,54.96079254,-1.140164375,11.21175861
280,280,Somatomotor-15_R-Ctx,0,255,255,255,R,Somatomotor,3,186,R_OP4_ROI,Somatomotor_R_OP4_ROI,57.80750656,-11.86592293,17.25597763
281,281,Somatomotor-16_R-Ctx,0,255,255,255,R,Somatomotor,3,187,R_OP1_ROI,Somatomotor_R_OP1_ROI,43.89332199,-21.24383354,18.92753601
282,282,Somatomotor-17_R-Ctx,0,255,255,255,R,Somatomotor,3,188,R_OP2-3_ROI,Somatomotor_R_OP23_ROI,38.01596832,-15.05036926,21.82799149
283,283,Auditory-02_R-Ctx,250,62,251,255,R,Auditory,8,506,R_52_ROI,Auditory_R_52_ROI,38.21742249,-25.48657608,1.195191383
284,284,Somatomotor-18_R-Ctx,0,255,255,255,R,Somatomotor,3,189,R_RI_ROI,Somatomotor_R_RI_ROI,38.26714706,-35.47641754,16.49516487
285,285,Cingulo-Opercular-17_R-Ctx,153,0,153,255,R,Cingulo-Opercular,4,261,R_PFCM_ROI,CinguloOpercular_R_PFcm_ROI,44.68555832,-28.93239212,24.56460381
286,286,Cingulo-Opercular-18_R-Ctx,153,0,153,255,R,Cingulo-Opercular,4,262,R_POI2_ROI,CinguloOpercular_R_PoI2_ROI,37.53649139,-5.853922844,-0.623414636
287,287,Auditory-03_R-Ctx,250,62,251,255,R,Auditory,8,507,R_TA2_ROI,Auditory_R_TA2_ROI,52.883564,-2.851775885,-7.739310265
288,288,Cingulo-Opercular-19_R-Ctx,153,0,153,255,R,Cingulo-Opercular,4,263,R_FOP4_ROI,CinguloOpercular_R_FOP4_ROI,37.07554245,14.32778454,11.96860504
289,289,Cingulo-Opercular-20_R-Ctx,153,0,153,255,R,Cingulo-Opercular,4,264,R_MI_ROI,CinguloOpercular_R_MI_ROI,34.71912384,6.721133232,2.79128027
290,290,Orbito-Affective-01_R-Ctx,65,125,0,168,R,Orbito-Affective,12,699,R_PIR_ROI,OrbitoAffective_R_Pir_ROI,33.62558746,2.900733948,-17.69490433
291,291,Frontoparietal-20_R-Ctx,255,255,0,255,R,Frontoparietal,7,440,R_AVI_ROI,Frontoparietal_R_AVI_ROI,28.88054276,25.84443283,-2.894077778
292,292,Orbito-Affective-02_R-Ctx,65,125,0,168,R,Orbito-Affective,12,700,R_AAIC_ROI,OrbitoAffective_R_AAIC_ROI,30.9616394,14.70672035,-10.48200512
293,293,Cingulo-Opercular-21_R-Ctx,153,0,153,255,R,Cingulo-Opercular,4,265,R_FOP1_ROI,CinguloOpercular_R_FOP1_ROI,48.19232941,3.563912868,7.001223087
294,294,Cingulo-Opercular-22_R-Ctx,153,0,153,255,R,Cingulo-Opercular,4,266,R_FOP3_ROI,CinguloOpercular_R_FOP3_ROI,33.61337662,5.963588715,13.00590515
295,295,Somatomotor-19_R-Ctx,0,255,255,255,R,Somatomotor,3,190,R_FOP2_ROI,Somatomotor_R_FOP2_ROI,40.05016708,-3.220011473,18.12144852
296,296,Dorsal-Attention-05_R-Ctx,0,255,0,255,R,Dorsal-Attention,5,331,R_PFT_ROI,DorsalAttention_R_PFt_ROI,51.09061432,-27.44910812,37.80640411
297,297,Dorsal-Attention-06_R-Ctx,0,255,0,255,R,Dorsal-Attention,5,332,R_AIP_ROI,DorsalAttention_R_AIP_ROI,32.43270111,-40.54908371,37.73888016
298,298,Default-22_R-Ctx,255,0,0,255,R,Default,9,604,R_EC_ROI,Default_R_EC_ROI,21.04581833,-12.42523766,-27.5088501
299,299,Default-23_R-Ctx,255,0,0,255,R,Default,9,605,R_PRES_ROI,Default_R_PreS_ROI,23.15231323,-35.795784,-8.506882668
300,300,Default-24_R-Ctx,255,0,0,255,R,Default,9,606,R_H_ROI,Default_R_H_ROI,36.03328705,-30.80652809,-15.34992981
301,301,Visual1-02_R-Ctx,0,0,255,255,R,Visual1,1,5,R_PROS_ROI,Visual1_R_ProS_ROI,23.35685158,-51.02410126,1.298373461
302,302,Ventral-Multimodal-01_R-Ctx,255,157,0,255,R,Ventral-Multimodal,11,690,R_PEEC_ROI,VentralMultimodal_R_PeEc_ROI,28.2548275,-10.20996666,-32.55893707
303,303,Language-05_R-Ctx,0,155,155,255,R,Language,6,380,R_STGA_ROI,Language_R_STGa_ROI,51.55123138,10.01506519,-19.16185379
304,304,Auditory-04_R-Ctx,250,62,251,255,R,Auditory,8,508,R_PBELT_ROI,Auditory_R_PBelt_ROI,57.22145844,-21.08572388,4.208199978
305,305,Language-06_R-Ctx,0,155,155,255,R,Language,6,381,R_A5_ROI,Language_R_A5_ROI,60.83258057,-18.85442734,-1.101140738
306,306,Default-25_R-Ctx,255,0,0,255,R,Default,9,607,R_PHA1_ROI,Default_R_PHA1_ROI,23.07801437,-34.34347916,-15.06792164
307,307,Dorsal-Attention-07_R-Ctx,0,255,0,255,R,Dorsal-Attention,5,333,R_PHA3_ROI,DorsalAttention_R_PHA3_ROI,37.20733643,-37.61773682,-16.92110443
308,308,Default-26_R-Ctx,255,0,0,255,R,Default,9,608,R_STSDA_ROI,Default_R_STSda_ROI,50.58055878,-7.844361305,-14.66655159
309,309,Language-07_R-Ctx,0,155,155,255,R,Language,6,382,R_STSDP_ROI,Language_R_STSdp_ROI,44.49773788,-29.80104637,-2.585327864
310,310,Default-27_R-Ctx,255,0,0,255,R,Default,9,609,R_STSVP_ROI,Default_R_STSvp_ROI,57.43280029,-34.1681633,-8.741346359
311,311,Default-28_R-Ctx,255,0,0,255,R,Default,9,610,R_TGD_ROI,Default_R_TGd_ROI,39.40348816,15.04614544,-35.76345062
312,312,Default-29_R-Ctx,255,0,0,255,R,Default,9,611,R_TE1A_ROI,Default_R_TE1a_ROI,60.45001984,-8.19478035,-24.91500282
313,313,Frontoparietal-21_R-Ctx,255,255,0,255,R,Frontoparietal,7,441,R_TE1P_ROI,Frontoparietal_R_TE1p_ROI,59.0086174,-43.20625687,-13.04871178
314,314,Default-30_R-Ctx,255,0,0,255,R,Default,9,612,R_TE2A_ROI,Default_R_TE2a_ROI,56.4360466,-19.66359329,-29.64993668
315,315,Ventral-Multimodal-02_R-Ctx,255,157,0,255,R,Ventral-Multimodal,11,691,R_TF_ROI,VentralMultimodal_R_TF_ROI,42.32213211,-19.93352127,-21.91688919
316,316,Dorsal-Attention-08_R-Ctx,0,255,0,255,R,Dorsal-Attention,5,334,R_TE2P_ROI,DorsalAttention_R_TE2p_ROI,47.00074005,-41.44569778,-17.66039848
317,317,Dorsal-Attention-09_R-Ctx,0,255,0,255,R,Dorsal-Attention,5,335,R_PHT_ROI,DorsalAttention_R_PHT_ROI,55.2359314,-50.61636734,-4.313811779
318,318,Visual2-18_R-Ctx,100,0,255,255,R,Visual2,2,114,R_PH_ROI,Visual2_R_PH_ROI,45.21853638,-59.58598709,-8.648805618
319,319,Language-08_R-Ctx,0,155,155,255,R,Language,6,383,R_TPOJ1_ROI,Language_R_TPOJ1_ROI,44.98635101,-42.2481308,8.051811218
320,320,Posterior-Multimodal-03_R-Ctx,177,89,40,255,R,Posterior-Multimodal,10,657,R_TPOJ2_ROI,PosteriorMultimodal_R_TPOJ2_ROI,51.25709915,-58.64984894,5.853883743
321,321,Posterior-Multimodal-04_R-Ctx,177,89,40,255,R,Posterior-Multimodal,10,658,R_TPOJ3_ROI,PosteriorMultimodal_R_TPOJ3_ROI,38.02759171,-62.89915085,13.26666546
322,322,Visual1-03_R-Ctx,0,0,255,255,R,Visual1,1,6,R_DVT_ROI,Visual1_R_DVT_ROI,20.39225388,-69.64945984,29.06251526
323,323,Dorsal-Attention-10_R-Ctx,0,255,0,255,R,Dorsal-Attention,5,336,R_PGP_ROI,DorsalAttention_R_PGp_ROI,43.00314713,-77.86393738,21.70359993
324,324,Frontoparietal-22_R-Ctx,255,255,0,255,R,Frontoparietal,7,442,R_IP2_ROI,Frontoparietal_R_IP2_ROI,41.99060059,-47.07504654,35.97379303
325,325,Frontoparietal-23_R-Ctx,255,255,0,255,R,Frontoparietal,7,443,R_IP1_ROI,Frontoparietal_R_IP1_ROI,34.29879761,-64.90306091,45.75704956
326,326,Dorsal-Attention-11_R-Ctx,0,255,0,255,R,Dorsal-Attention,5,337,R_IP0_ROI,DorsalAttention_R_IP0_ROI,34.29720306,-71.39626312,25.95926285
327,327,Cingulo-Opercular-23_R-Ctx,153,0,153,255,R,Cingulo-Opercular,4,267,R_PFOP_ROI,CinguloOpercular_R_PFop_ROI,57.38928223,-21.37532616,27.42934036
328,328,Cingulo-Opercular-24_R-Ctx,153,0,153,255,R,Cingulo-Opercular,4,268,R_PF_ROI,CinguloOpercular_R_PF_ROI,55.28713226,-33.19314957,35.4585495
329,329,Frontoparietal-24_R-Ctx,255,255,0,255,R,Frontoparietal,7,444,R_PFM_ROI,Frontoparietal_R_PFm_ROI,52.89635086,-49.37758636,37.87773514
330,330,Default-31_R-Ctx,255,0,0,255,R,Default,9,613,R_PGI_ROI,Default_R_PGi_ROI,46.06215668,-57.12187958,23.08914375
331,331,Default-32_R-Ctx,255,0,0,255,R,Default,9,614,R_PGS_ROI,Default_R_PGs_ROI,42.32485962,-63.8858757,35.92079926
332,332,Visual2-19_R-Ctx,100,0,255,255,R,Visual2,2,115,R_V6A_ROI,Visual2_R_V6A_ROI,21.64189529,-81.31187439,41.61506653
333,333,Visual2-20_R-Ctx,100,0,255,255,R,Visual2,2,116,R_VMV1_ROI,Visual2_R_VMV1_ROI,19.67359924,-54.1188736,-7.798848152
334,334,Visual2-21_R-Ctx,100,0,255,255,R,Visual2,2,117,R_VMV3_ROI,Visual2_R_VMV3_ROI,30.84579086,-60.76372147,-9.778506279
335,335,Default-33_R-Ctx,255,0,0,255,R,Default,9,615,R_PHA2_ROI,Default_R_PHA2_ROI,34.21626282,-35.06409836,-13.66734886
336,336,Visual2-22_R-Ctx,100,0,255,255,R,Visual2,2,118,R_V4T_ROI,Visual2_R_V4t_ROI,42.87125397,-77.5431366,-1.946438789
337,337,Visual2-23_R-Ctx,100,0,255,255,R,Visual2,2,119,R_FST_ROI,Visual2_R_FST_ROI,43.82199097,-61.3537178,-2.38364172
338,338,Visual2-24_R-Ctx,100,0,255,255,R,Visual2,2,120,R_V3CD_ROI,Visual2_R_V3CD_ROI,34.57413483,-84.82176208,14.26798725
339,339,Visual2-25_R-Ctx,100,0,255,255,R,Visual2,2,121,R_LO3_ROI,Visual2_R_LO3_ROI,44.53372192,-76.76672363,8.081640244
340,340,Visual2-26_R-Ctx,100,0,255,255,R,Visual2,2,122,R_VMV2_ROI,Visual2_R_VMV2_ROI,30.32513046,-52.98402786,-5.380395412
341,341,Default-34_R-Ctx,255,0,0,255,R,Default,9,616,R_31PD_ROI,Default_R_31pd_ROI,14.38498878,-51.91452026,35.64526367
342,342,Frontoparietal-25_R-Ctx,255,255,0,255,R,Frontoparietal,7,445,R_31A_ROI,Frontoparietal_R_31a_ROI,6.429869652,-42.57413101,40.56807327
343,343,Visual2-27_R-Ctx,100,0,255,255,R,Visual2,2,123,R_VVC_ROI,Visual2_R_VVC_ROI,28.92714882,-47.84368134,-17.28369141
344,344,Default-35_R-Ctx,255,0,0,255,R,Default,9,617,R_25_ROI,Default_R_25_ROI,7.12052393,21.15907669,-12.62908363
345,345,Default-36_R-Ctx,255,0,0,255,R,Default,9,618,R_S32_ROI,Default_R_s32_ROI,9.523704529,32.57276154,-12.48397255
346,346,Orbito-Affective-03_R-Ctx,65,125,0,168,R,Orbito-Affective,12,701,R_POFC_ROI,OrbitoAffective_R_pOFC_ROI,16.48358154,15.16746235,-14.15519905
347,347,Cingulo-Opercular-25_R-Ctx,153,0,153,255,R,Cingulo-Opercular,4,269,R_POI1_ROI,CinguloOpercular_R_PoI1_ROI,36.11437607,-14.55365562,-6.547974586
348,348,Somatomotor-20_R-Ctx,0,255,255,255,R,Somatomotor,3,191,R_IG_ROI,Somatomotor_R_Ig_ROI,34.83623123,-14.51094246,14.65043068
349,349,Cingulo-Opercular-26_R-Ctx,153,0,153,255,R,Cingulo-Opercular,4,270,R_FOP5_ROI,CinguloOpercular_R_FOP5_ROI,35.59731293,27.74100876,7.239253044
350,350,Frontoparietal-26_R-Ctx,255,255,0,255,R,Frontoparietal,7,446,R_P10P_ROI,Frontoparietal_R_p10p_ROI,22.97566986,53.16900635,4.975996494
351,351,Frontoparietal-27_R-Ctx,255,255,0,255,R,Frontoparietal,7,447,R_P47R_ROI,Frontoparietal_R_p47r_ROI,40.41314316,39.65752411,-2.899178267
352,352,Language-09_R-Ctx,0,155,155,255,R,Language,6,384,R_TGV_ROI,Language_R_TGv_ROI,37.21961594,-3.413136721,-43.08254242
353,353,Auditory-05_R-Ctx,250,62,251,255,R,Auditory,8,509,R_MBELT_ROI,Auditory_R_MBelt_ROI,44.62488556,-21.64551735,3.398731947
354,354,Auditory-06_R-Ctx,250,62,251,255,R,Auditory,8,510,R_LBELT_ROI,Auditory_R_LBelt_ROI,47.97884369,-26.81488419,5.760267735
355,355,Auditory-07_R-Ctx,250,62,251,255,R,Auditory,8,511,R_A4_ROI,Auditory_R_A4_ROI,64.7691803,-19.5019455,4.315822124
356,356,Default-37_R-Ctx,255,0,0,255,R,Default,9,619,R_STSVA_ROI,Default_R_STSva_ROI,53.34670258,-15.34780407,-19.25342941
357,357,Frontoparietal-28_R-Ctx,255,255,0,255,R,Frontoparietal,7,448,R_TE1M_ROI,Frontoparietal_R_TE1m_ROI,60.15524292,-27.46363831,-16.82004929
358,358,Cingulo-Opercular-27_R-Ctx,153,0,153,255,R,Cingulo-Opercular,4,271,R_PI_ROI,CinguloOpercular_R_PI_ROI,45.71373749,-10.89887047,-13.04660988
359,359,Cingulo-Opercular-28_R-Ctx,153,0,153,255,R,Cingulo-Opercular,4,272,R_A32PR_ROI,CinguloOpercular_R_a32pr_ROI,14.33363819,27.30669022,28.94987106
360,360,Cingulo-Opercular-29_R-Ctx,153,0,153,255,R,Cingulo-Opercular,4,273,R_P24_ROI,CinguloOpercular_R_p24_ROI,6.709269047,33.27798843,15.01714611
